﻿"INDICATOR_CODE","INDICATOR_NAME","SOURCE_NOTE","SOURCE_ORGANIZATION",
"SP.DYN.CBRT.IN","Birth rate, crude (per 1,000 people)","Crude birth rate indicates the number of live births occurring during the year, per 1,000 population estimated at midyear. Subtracting the crude death rate from the crude birth rate provides the rate of natural increase, which is equal to the rate of population change in the absence of migration.","World Population Prospects, United Nations (UN), publisher: UN Population Division;
Statistical databases and publications from national statistical offices, National statistical offices;
Demographic Statistics, Eurostat (ESTAT);
Population and Vital Statistics Report (various years), United Nations (UN), publisher: UN Statistical Division",
