Year,Population,Vietnam Global Rank,ASEAN Population Rank,Vietnam's Share of Asian Pop (%),Country's Share of World Pop,Median Age,Regional Median Age,Global Median Age,Dependency Ratio (%),Sex Ratio (M/F),Pop Aged 0–14 (%),Pop Aged 15–64 (%),Pop Aged 65+ (%),GDP per Capita (USD),HDI,Unemployment Rate (%),GDP Growth Rate (%),FDI Net Inflows (million USD),GDP PPP per Capita (Int$),Fertility Rate,Life Expectancy,Birth Rate (‰),Death Rate (‰),Employment Agriculture (%),Employment Industry (%),Employment Services (%),Poverty Rate (%),Health Expenditure (% GDP),Rural Population,Urban Population,Energy Consumption per Capita (kWh),CO₂ Emissions per Capita (t),Agricultural Land (% Land),Forest Area (% Land),Human Capital Index (0-1),Renewable Energy Share (%),Yearly % Change,Migrants (net),Density (P/Km²),Sex Ratio,Life Expectancy Male,Life Expectancy Female,Infant Mortality,Under-5 Mortality,Deaths,Deaths Male,Deaths Female,Births,HDI_UNDP,Life_Expectancy_UNDP,Education_Index_UNDP,Income_Index_UNDP,Land Area (Km²),Literacy Rate (%),Housing Units (million),Net Migration Rate (‰),Population Share Change,Infant Mortality Rate (‰),Urbanization Ratio,Mean Years of Schooling,GNI per Capita (USD),Climate Risk Index,World Population,Population Density by Region (ĐBSH),Population Doubling Time (Years),Dependency Index,Population Growth (Absolute),Urban Growth Rate (%),Population Density by Region (Miền Trung),Yearly Change,Expected Years of Schooling,Regional Avg Fertility Rate,Population Density by Region (ĐBSCL),Urban Pop %,EPI Score,Imports (% GDP),Education Index,Migration Rate (‰),Vietnam’s Share of Asian Pop (%),World Urbanization Rate (%),Inflation Rate (%),Household Size (People),Exports (% GDP),GDP (billion USD),Population Density by Region (Miền Núi)
1955,28166446.0,18.0,3.0,1.85,1.0279,22.0437,19.99,21.84,78.36,0.97,41.93445,56.06555,2.0,0.0,0.35,0.0,0.0,0.0,0.0,5.5355,54.8256,40.034,13.804,70.0,3.0,27.0,151.0,0.8,23941479.1,4224966.899999999,50.0,0.05,38.0,52.0,0.3,1.0,2.623,0.0,89.8712,96.9959,52.3146,57.4354,79.3886,129.2291,388.806,210.627,178.179,1127.628,,,,,331212,96.0,7.0416115,0.0,2.623,79.3886,14.999999999999996,1.0,0.0,85.0,2740213792.0,450,26.77081880880279,78.36,738805.8785800001,3.9345,80,738805.8785800001,15.0,5.5355,1200,14.999999999999996,20.0,25.0,0.25,0.0,1.8,30.0,25.0,4.0,20.0,0.0,30
1956,28922309.0,18.0,3.0,1.86,1.0346,21.8713,19.89,21.74,79.19,0.9709,42.19305,55.80695,2.0,0.0,0.356,0.0,0.0,0.0,0.0,5.6211,55.5347,40.148,13.424,69.65,3.25,27.099999999999994,149.0,0.8400000000000001,24493063.964571428,4429245.035428572,66.0,0.06,38.0,51.82,0.3,1.0,2.672,0.0,92.283,97.0864,52.9074,58.2718,76.8228,123.8955,388.249,211.302,176.948,1161.168,,,,,331212,96.0,7.23057725,0.0,2.672,76.8228,15.314285714285718,1.2,0.0,84.5,2795265212.4,460,26.28618745703769,79.19,772804.0964800001,4.008,81,772804.0964800001,15.0,5.6211,1220,15.314285714285718,20.5,26.0,0.26,0.0,1.85,30.8,26.0,4.0,21.0,0.0,31
1957,29754428.0,18.0,3.0,1.87,1.0431,21.5985,19.77,21.64,80.51,0.9718,42.60225,55.39775,2.0,0.0,0.362,0.0,0.0,0.0,0.0,6.1454,56.1673,43.21,13.254,69.3,3.5,27.200000000000003,147.0,0.88,25104235.966857143,4650192.033142857,83.0,0.06,38.0,51.64,0.3,1.0,2.996,0.0,94.938,97.1825,53.4681,58.9821,74.2705,118.7934,394.373,215.357,179.015,1285.702,,,,,331212,96.0,7.438607,0.0,2.996,74.2705,15.628571428571428,1.4,0.0,84.0,2850316632.8,470,23.48062216516522,80.51,891442.6628800001,4.494,82,891442.6628800001,15.0,6.1454,1240,15.628571428571428,21.0,27.0,0.27,0.0,1.9,31.6,27.0,4.0,22.0,0.0,32
1958,30658446.0,17.0,3.0,1.88,1.0531,21.2009,19.65,21.53,82.48,0.9728,43.19865,54.80135,2.0,0.0,0.369,0.0,0.0,0.0,0.0,6.2092,56.7983,42.856,12.955,68.95,3.75,27.3,145.0,0.92,25770613.752,4887832.248,99.0,0.07,38.0,51.46,0.3,1.0,2.99,0.0,97.8225,97.2821,54.0163,59.7063,71.7868,113.9488,397.18,217.714,179.466,1313.884,,,,,331212,96.0,7.6646115,0.0,2.99,71.7868,15.94285714285714,1.6,0.0,83.5,2905368053.2,480,23.527051791625475,82.48,916687.5354,4.485,83,916687.5354,15.0,6.2092,1260,15.94285714285714,21.5,28.0,0.28,0.0,1.95,32.4,28.0,4.0,23.0,0.0,33
1959,31585547.0,17.0,3.0,1.9,1.0649,20.7257,19.58,21.47,84.88,0.9737,43.91145,54.08855,2.0,0.0,0.375,0.0,0.0,0.0,0.0,6.2496,57.3978,42.293,12.612,68.6,4.0,27.40000000000001,143.0,0.96,26450639.502,5134907.498,116.0,0.08,38.0,51.28,0.3,1.0,2.968,0.0,100.7806,97.3733,54.5453,60.3835,69.3663,109.257,398.355,218.965,179.39,1335.851,,,,,331212,96.0,7.89638675,0.0,2.968,69.3663,16.257142857142856,1.8,0.0,83.0,2960419473.6,490,23.6988996968618,84.88,937459.03496,4.452,84,937459.03496,15.0,6.2496,1280,16.257142857142856,22.0,29.0,0.29,0.0,2.0,33.2,29.0,4.0,24.0,0.0,34
1960,32531933.0,17.0,3.0,1.92,1.0788,20.1894,19.56,21.45,87.67,0.9745,44.715900000000005,53.2841,2.0,0.0,0.381,0.0,0.0,0.0,0.0,6.2731,58.0462,41.589,12.225,68.25,4.25,27.5,141.0,1.0,27140926.96,5391006.04,132.0,0.09,38.0,51.1,0.3,1.0,2.937,0.0,103.8003,97.4537,55.0537,61.1889,67.0709,104.8181,397.696,219.869,177.828,1352.973,,,,,331212,96.0,8.13298325,0.0,2.937,67.0709,16.57142857142857,2.0,0.0,82.5,3015470894.0,500,23.94541844438543,87.67,955462.87221,4.4055,85,955462.87221,15.0,6.2731,1300,16.57142857142857,22.5,30.0,0.3,0.0,2.05,34.0,30.0,4.0,25.0,0.0,35
1961,33409059.0,17.0,3.0,1.94,1.0901,19.7201,19.56,21.44,88.68,0.975,45.0,53.0,2.0,0.0,0.387,0.0,0.0,0.0,0.0,5.4761,58.4612,35.639,11.724,67.9,4.5,27.599999999999994,139.0,1.04,27767700.751714285,5641358.248285714,149.0,0.09,38.0,50.92,0.3,1.0,2.392,0.0,106.5989,97.503,55.3693,61.7181,65.0722,101.1789,391.697,217.1,174.597,1190.671,,,,,331212,96.0,8.35226475,0.0,2.392,65.0722,16.885714285714286,2.1,0.0,82.0,3083039004.6,510,29.322933135349604,88.68,799144.6912799999,3.588,86,799144.6912799999,15.0,5.4761,1320,16.885714285714286,23.0,31.0,0.31,0.0,2.1,34.3,31.0,4.0,26.0,0.0,36
1962,34288560.0,17.0,3.0,1.95,1.0978,19.2393,19.46,21.37,88.68,0.9753,45.0,53.0,2.0,0.0,0.393,0.0,0.0,0.0,0.0,6.257,58.2042,39.972,11.973,67.55,4.75,27.700000000000003,137.0,1.08,28390927.680000003,5897632.319999999,165.0,0.1,38.0,50.74,0.3,1.0,2.8,0.0,109.4052,97.5335,54.819,61.7979,64.0481,100.1495,410.55,229.496,181.054,1370.575,,,,,331212,96.0,8.57214,0.0,2.8,64.0481,17.2,2.2,0.0,81.5,3150607115.2,520,25.10023494452543,88.68,960079.68,4.199999999999999,87,960079.68,15.0,6.257,1340,17.2,23.5,32.0,0.32,0.0,2.15,34.6,32.0,4.0,27.0,0.0,37
1963,35249101.0,17.0,3.0,1.96,1.104,18.666,19.2,21.2,88.68,0.9754,45.0,53.0,2.0,0.0,0.399,0.0,0.0,0.0,0.0,6.3846,56.8966,39.952,12.687,67.2,5.0,27.8,135.0,1.12,29075472.739142857,6173628.260857143,181.0,0.11,38.0,50.56,0.3,1.0,2.727,0.0,112.47,97.5383,52.9936,61.124,64.568,102.9902,447.217,253.717,193.5,1408.264,,,,,331212,96.0,8.81227525,0.0,2.727,64.568,17.514285714285716,2.3,0.0,81.0,3218175225.8,530,25.762957941325737,88.68,961242.98427,4.0905,88,961242.98427,15.0,6.3846,1360,17.514285714285716,24.0,33.0,0.33,0.0,2.2,34.9,33.0,4.0,28.0,0.0,38
1964,36201563.0,17.0,3.0,1.96,1.109,18.1334,18.92,21.0,88.68,0.9752,45.0,53.0,2.0,0.0,0.406,0.0,0.0,0.0,0.0,6.2852,57.4733,38.561,12.313,66.85,5.25,27.90000000000001,133.0,1.16,29747341.48228572,6454221.517714285,198.0,0.11,38.0,50.38,0.3,1.0,2.607,-6.328,115.509,97.5218,53.7227,61.5034,63.193,100.6704,445.766,251.44,194.326,1395.964,,,,,331212,96.0,9.05039075,-0.0001747990825699,2.607,63.193,17.828571428571426,2.4,0.0,80.5,3285743336.4,540,26.93301111084966,88.68,943774.74741,3.9105,89,943774.74741,15.0,6.2852,1380,17.828571428571426,24.5,34.0,0.34,-0.0001747990825699,2.25,35.2,34.0,4.0,29.0,0.0,39
1965,37129656.0,17.0,3.0,1.96,1.1135,17.6862,18.69,20.81,88.68,0.9749,45.0,53.0,2.0,0.0,0.412,0.0,0.0,0.0,0.0,6.1559,56.9667,37.087,12.477,66.5,5.5,28.0,131.0,1.2000000000000002,30393275.55428572,6736380.445714285,214.0,0.12,38.0,50.2,0.3,1.0,2.457,-1.438,118.4703,97.486,52.7656,61.5502,62.8877,100.7617,463.278,264.798,198.48,1377.038,,,,,331212,96.0,9.282414,-3.87291495509681e-05,2.457,62.8877,18.142857142857142,2.5,0.0,80.0,3353311447.0,550,28.55628999978151,88.68,912275.64792,3.6855,90,912275.64792,15.0,6.1559,1400,18.142857142857142,25.0,35.0,0.35,-3.87291495509681e-05,2.3,35.5,35.0,4.0,30.0,0.0,40
1966,38024836.0,17.0,3.0,1.96,1.117,17.343,18.54,20.63,88.68,0.9741,45.0,53.0,2.0,0.0,0.418,0.0,0.0,0.0,0.0,5.9683,56.9137,35.441,12.396,66.15,5.75,28.099999999999994,129.0,1.24,31006537.69828572,7018298.301714285,231.0,0.13,38.0,50.02,0.3,1.0,2.309,1.769,121.3266,97.412,52.5389,61.7085,62.4714,100.3695,471.374,270.769,200.605,1347.648,,,,,331212,96.0,9.506209,4.652222563168977e-05,2.309,62.4714,18.457142857142856,2.6,0.0,79.5,3420879557.6,560,30.36462188567344,88.68,877993.46324,3.4635,91,877993.46324,15.0,5.9683,1420,18.457142857142856,25.5,36.0,0.36,4.652222563168977e-05,2.35,35.8,36.0,4.0,31.0,0.0,41
1967,38895080.0,17.0,3.0,1.96,1.1198,17.2203,18.45,20.48,88.68,0.9732,45.0,53.0,2.0,0.0,0.424,0.0,0.0,0.0,0.0,5.8834,56.7445,34.575,12.411,65.8,6.0,28.200000000000003,127.0,1.28,31593917.84,7301162.16,247.0,0.14,38.0,49.84,0.3,1.0,2.217,0.394,124.1033,97.3195,52.2381,61.6979,62.3261,100.5416,482.729,278.02,204.709,1344.79,,,,,331212,96.0,9.72377,1.0129815904736538e-05,2.217,62.3261,18.77142857142857,2.7,0.0,79.0,3488447668.2,570,31.61040310100348,88.68,862303.9236,3.3255,92,862303.9236,15.0,5.8834,1440,18.77142857142857,26.0,37.0,0.37,1.0129815904736538e-05,2.4,36.1,37.0,4.0,32.0,0.0,42
1968,39734609.0,17.0,3.0,1.95,1.1208,17.2392,18.37,20.39,88.68,0.9715,45.0,53.0,2.0,0.0,0.43,0.0,0.0,0.0,0.0,6.0292,52.6683,35.221,14.707,65.45,6.25,28.3,125.0,1.32,32150975.053714287,7583633.946285713,264.0,0.14,38.0,49.66,0.3,1.0,2.055,1.489,126.782,97.1522,47.2953,58.8595,67.7082,115.5022,584.363,343.711,240.652,1399.474,,,,,331212,96.0,9.93365225,3.747362909749534e-05,2.055,67.7082,19.08571428571428,2.8,0.0,78.5,3556015778.8,580,34.07518842412117,88.68,816546.21495,3.0825000000000005,93,816546.21495,15.0,6.0292,1460,19.08571428571428,26.5,38.0,0.38,3.747362909749534e-05,2.45,36.4,38.0,4.0,33.0,0.0,43
1969,40582096.0,17.0,3.0,1.95,1.1212,17.218,18.34,20.33,88.68,0.9695,45.0,53.0,2.0,0.0,0.436,0.0,0.0,0.0,0.0,6.0134,54.7907,35.077,13.433,65.1,6.5,28.40000000000001,123.0,1.36,32709169.376,7872926.624,280.0,0.15,38.0,49.48,0.3,1.0,2.165,0.0,129.4861,96.9521,49.6532,60.5733,64.4916,107.2992,545.136,318.972,226.163,1423.504,,,,,331212,96.0,10.145524,0.0,2.165,64.4916,19.4,2.9,0.0,78.0,3623583889.4,590,32.3613724452466,88.68,878602.3784,3.2475,94,878602.3784,15.0,6.0134,1480,19.4,27.0,39.0,0.39,0.0,2.5,36.7,39.0,4.0,34.0,0.0,44
1970,41475230.0,17.0,3.0,1.94,1.1226,17.215,18.35,20.31,88.68,0.9679,45.0,53.0,2.0,0.0,0.443,0.0,0.0,0.0,0.0,6.0192,54.93,35.187,13.345,64.75,6.75,28.5,121.0,1.4,33298684.65714286,8176545.342857142,296.0,0.16,38.0,49.3,0.3,1.0,2.189,1.997,132.3358,96.7864,49.7198,60.7899,64.0976,106.6711,553.488,324.434,229.054,1459.384,,,,,331212,96.0,10.3688075,4.8149220631205664e-05,2.189,64.0976,19.71428571428571,3.0,0.0,77.5,3691152000.0,600,32.010337925363395,88.68,907892.7847,3.2835,95,907892.7847,15.0,6.0192,1500,19.71428571428571,27.5,40.0,0.4,4.8149220631205664e-05,2.55,37.0,40.0,4.0,35.0,0.0,45
1971,42449276.0,17.0,3.0,1.94,1.126,17.2742,18.39,20.32,88.68,0.9664,45.0,53.0,2.0,0.0,0.449,0.0,0.0,0.0,0.0,6.0686,55.5848,35.679,12.987,64.4,7.0,28.599999999999994,119.0,1.44,33947292.435428575,8501983.564571429,313.0,0.16,38.0,49.12,0.3,1.0,2.451,76.961,135.4437,96.6362,50.3994,61.3771,62.9403,104.104,551.291,322.895,228.396,1514.527,,,,,331212,96.0,10.612319,0.001813010897995,2.451,62.9403,20.02857142857143,3.1,0.0,76.0,3766941679.8,620,28.62535364791363,88.68,1040431.75476,3.6765,100,1040431.75476,15.0,6.0686,1550,20.02857142857143,28.0,41.0,0.42,0.001813010897995,2.6,37.4,42.0,4.0,36.0,0.0,48
1972,43429168.0,17.0,3.0,1.94,1.1295,17.3444,18.47,20.36,88.68,0.9643,45.0,53.0,2.0,0.0,0.455,0.0,0.0,0.0,0.0,6.0998,51.9133,36.371,15.152,64.05,7.25,28.700000000000003,117.0,1.48,34594434.395428576,8834733.604571428,329.0,0.17,38.0,48.94,0.3,1.0,2.118,-1.92,138.5703,96.4332,46.0481,58.754,67.8847,117.8767,658.055,392.073,265.983,1579.568,,,,,331212,96.0,10.857292,-4.420991901111253e-05,2.118,67.8847,20.34285714285714,3.2,0.0,75.0,3842731359.6,640,33.07185874729258,88.68,919829.77824,3.177,105,919829.77824,15.0,6.0998,1600,20.34285714285714,28.5,42.0,0.44,-4.420991901111253e-05,2.65,37.8,44.0,4.0,37.0,0.0,50
1973,44409861.0,17.0,3.0,1.94,1.1327,17.4068,18.58,20.43,88.68,0.9623,45.0,53.0,2.0,0.0,0.461,0.0,0.0,0.0,0.0,6.1082,55.6766,36.891,12.984,63.7,7.5,28.8,115.0,1.52,35236052.57057142,9173808.429428572,346.0,0.18,38.0,48.76,0.3,1.0,2.346,-19.937,141.6994,96.2306,50.2835,61.7002,62.1698,103.1731,576.615,339.569,237.045,1638.342,,,,,331212,96.0,11.10246525,-0.0004489318261995,2.346,62.1698,20.65714285714286,3.3,0.0,74.0,3918521039.4,660,29.891149775482727,88.68,1041855.33906,3.519,110,1041855.33906,15.0,6.1082,1650,20.65714285714286,29.0,43.0,0.46,-0.0004489318261995,2.7,38.2,46.0,4.0,38.0,0.0,52
1974,45413538.0,17.0,3.0,1.94,1.1364,17.4705,18.71,20.53,88.68,0.9607,45.0,53.0,2.0,0.0,0.467,0.0,0.0,0.0,0.0,5.7812,54.7512,35.484,13.453,63.35,7.75,28.9,113.0,1.56,35889670.31657143,9523867.68342857,362.0,0.19,38.0,48.58,0.3,1.0,2.126,-34.94,144.9018,96.0679,49.0969,61.1396,63.0672,106.284,610.967,362.161,248.806,1611.471,,,,,331212,96.0,11.3533845,-0.000769374101617,2.126,63.0672,20.971428571428568,3.4,0.0,73.0,3994310719.2,680,32.94870654311876,88.68,965491.81788,3.189,115,965491.81788,15.0,5.7812,1700,20.971428571428568,29.5,44.0,0.48,-0.000769374101617,2.75,38.6,48.0,4.0,39.0,0.0,54
1975,46482903.0,17.0,3.0,1.95,1.1419,17.5767,18.88,20.66,88.68,0.9598,45.0,53.0,2.0,0.0,0.474,0.0,0.0,0.0,0.0,5.6215,61.865,35.086,9.804,63.0,8.0,29.0,111.0,1.6,36588685.07571428,9894217.924285714,379.0,0.19,38.0,48.4,0.3955000000000001,1.0,2.524,-2.01,148.3139,95.9845,57.4263,66.5411,53.6061,81.5819,455.718,262.86,192.857,1630.898,,,,,331212,96.0,11.62072575,-4.324170545028136e-05,2.524,53.6061,21.285714285714285,3.5,0.0,72.0,4070100399.0,700,27.807383406705515,88.68,1173228.47172,3.786,120,1173228.47172,15.0,5.6215,1750,21.285714285714285,30.0,45.0,0.5,-4.324170545028136e-05,2.8,39.0,50.0,4.0,40.0,0.0,56
1976,47684931.0,17.0,3.0,1.96,1.1506,17.7428,19.06,20.8,88.68,0.9602,45.0,53.0,2.0,0.0,0.48,0.0,0.0,0.0,0.0,5.4612,63.6692,34.852,9.003,62.65,8.25,29.1,109.0,1.64,37384985.904,10299945.096,395.0,0.2,38.0,48.22,0.4556399999999999,1.0,2.581,-1.733,152.1492,96.0203,59.4955,68.0081,51.1815,75.8141,429.319,246.17,183.149,1661.934,,,,,331212,96.0,11.92123275,-3.634271799617368e-05,2.581,51.1815,21.6,3.6,0.0,70.0,4145890078.8,730,27.200862256343697,88.68,1230748.06911,3.8715,125,1230748.06911,15.0,5.4612,1800,21.6,30.5,46.0,0.52,-3.634271799617368e-05,2.85,39.4,55.0,4.0,41.0,0.0,58
1977,48954872.0,17.0,3.0,1.97,1.1607,17.9426,19.27,20.97,88.68,0.9607,45.0,53.0,2.0,0.0,0.486,0.0,0.0,0.0,0.0,5.2905,64.0697,34.558,8.834,62.3,8.5,29.200000000000003,107.0,1.6800000000000002,38226761.478857145,10728110.521142855,411.0,0.21,38.0,48.04,0.4689899999999999,1.0,2.674,49.655,156.2012,96.0733,59.8281,68.4805,50.2808,74.286,432.453,248.603,183.849,1691.799,,,,,331212,96.0,12.238718,0.0010143014979183,2.674,50.2808,21.91428571428571,3.7,0.0,68.0,4221679758.6,760,26.266783836023336,88.68,1309053.27728,4.011,130,1309053.27728,15.0,5.2905,1850,21.91428571428571,31.0,47.0,0.54,0.0010143014979183,2.9,39.8,60.0,4.0,42.0,0.0,60
1978,50249552.0,16.0,3.0,1.98,1.1707,18.1398,19.49,21.13,88.68,0.9612,45.0,53.0,2.0,0.0,0.492,0.0,0.0,0.0,0.0,5.1038,64.5289,34.253,8.641,61.95,8.75,29.3,105.0,1.7200000000000002,39079794.44114286,11169757.558857145,428.0,0.21,38.0,47.86,0.4842966666666664,1.0,2.548,-6.592,160.3322,96.1225,60.2186,69.0119,49.3636,72.7393,434.224,250.355,183.868,1721.176,,,,,331212,96.0,12.562388,-0.0001311852491739,2.548,49.3636,22.228571428571435,3.8,0.0,66.0,4297469438.4,790,27.54869877597807,88.68,1280358.58496,3.822,135,1280358.58496,15.0,5.1038,1900,22.228571428571435,31.5,48.0,0.56,-0.0001311852491739,2.95,40.2,65.0,4.0,43.0,0.0,62
1979,51378210.0,16.0,3.0,1.99,1.1761,18.29,19.67,21.29,88.68,0.9616,45.0,53.0,2.0,0.0,0.498,0.0,0.0,0.0,0.0,4.9396,64.9864,34.062,8.476,61.6,9.0,29.4,103.0,1.76,39796093.517142855,11582116.482857142,444.0,0.22,38.0,47.68,0.4995466666666667,1.0,1.902,-337.597,163.9334,96.1564,60.5992,69.5506,48.41,71.1561,435.492,251.894,183.598,1750.046,,,,,331212,96.0,12.8445525,-0.006570820587171,1.902,48.41,22.54285714285714,3.9,0.0,64.0,4373259118.2,820,36.78855470593889,88.68,977213.5542,2.853,140,977213.5542,15.0,4.9396,1950,22.54285714285714,32.0,49.0,0.58,-0.006570820587171,3.0,40.6,70.0,4.0,44.0,0.0,64
1980,52490101.0,16.0,3.0,1.99,1.1802,18.3811,19.81,21.45,88.68,0.9614,45.0,53.0,2.0,0.0,0.504,0.0,0.0,0.0,0.0,4.7948,65.3381,33.499,8.321,61.25,9.25,29.5,101.0,1.8,40492363.62857143,11997737.371428572,461.0,0.23,38.0,47.5,0.5112699999999999,1.0,2.375,-74.791,167.4812,96.1439,60.9192,69.9287,47.5093,69.6635,436.76,252.693,184.067,1758.376,,,,,331212,96.0,13.12252525,-0.0014248591367732,2.375,47.5093,22.857142857142858,4.0,0.0,62.0,4449048798.0,850,29.530362230899744,88.68,1246639.89875,3.5625,145,1246639.89875,15.0,4.7948,2000,22.857142857142858,32.5,50.0,0.6,-0.0014248591367732,3.05,41.0,150.0,4.0,45.0,0.0,66
1981,53738140.0,16.0,3.0,2.0,1.1866,18.4677,19.91,21.59,88.68,0.9609,45.0,53.0,2.0,0.0,0.511,0.0,0.0,0.0,0.0,4.6651,65.7794,33.428,8.148,60.9,9.5,29.6,99.0,1.84,41286245.27428571,12451894.725714285,477.0,0.24,38.0,47.32,0.5259799999999999,1.0,2.325,-109.259,171.4633,96.0855,61.4246,70.2787,46.5421,68.0332,437.853,252.33,185.524,1796.366,,,,,331212,96.0,13.434535,-0.0020331742036475,2.325,46.5421,23.17142857142857,4.1,0.0,60.0,4536867024.3,880,30.158027963086557,88.68,1249411.755,3.4875000000000003,150,1249411.755,15.0,4.6651,2050,23.17142857142857,33.0,51.0,0.62,-0.0020331742036475,3.1,41.2,200.0,4.0,46.0,0.0,68
1982,55011289.0,15.0,3.0,2.01,1.1926,18.5722,19.99,21.69,88.68,0.9603,45.0,53.0,2.0,0.0,0.517,0.0,0.0,0.0,0.0,4.5932,66.2118,33.584,7.99,60.55,9.75,29.700000000000003,97.0,1.88,42091494.84057143,12919794.159428572,494.0,0.24,38.0,47.14,0.5403933333333332,1.0,2.358,-110.901,175.5256,96.0269,61.9969,70.5314,45.6236,66.5211,439.542,251.346,188.195,1847.487,,,,,331212,96.0,13.75282225,-0.0020159680315798,2.358,45.6236,23.485714285714288,4.2,0.0,58.0,4624685250.6,910,29.7407821097106,88.68,1297166.1946200002,3.537,155,1297166.1946200002,15.0,4.5932,2100,23.485714285714288,33.5,52.0,0.64,-0.0020159680315798,3.15,41.4,300.0,4.0,47.0,0.0,70
1983,56337921.0,15.0,3.0,2.02,1.1994,18.7026,20.13,21.78,88.68,0.96,45.0,53.0,2.0,0.0,0.523,0.0,0.0,0.0,0.0,4.5236,66.5447,33.68,7.873,60.2,10.0,29.8,95.0,1.92,42929495.802,13408425.198,510.0,0.25,38.0,46.96,0.5514900000000001,1.0,2.407,-97.706,179.7585,95.9988,62.4663,70.6945,44.7386,65.1407,443.555,251.653,191.901,1897.481,,,,,331212,96.0,14.08448025,-0.0017342847990432,2.407,44.7386,23.8,4.3,0.0,56.0,4712503476.9,940,29.142340596961837,88.68,1356053.75847,3.6105,160,1356053.75847,15.0,4.5236,2150,23.8,34.0,53.0,0.66,-0.0017342847990432,3.2,41.6,400.0,4.0,48.0,0.0,72
1984,57706066.0,15.0,3.0,2.02,1.2067,18.8157,20.37,21.87,88.68,0.96,45.0,53.0,2.0,0.0,0.529,0.0,0.0,0.0,0.0,4.4124,66.9291,33.319,7.716,59.85,10.25,29.9,93.0,1.96,43790660.37028572,13915405.629714286,526.0,0.26,38.0,46.78,0.5643033333333335,1.0,2.392,-97.339,184.1238,95.9958,62.942,70.9648,43.7583,63.492,445.264,251.307,193.957,1922.68,,,,,331212,96.0,14.4265165,-0.0016868070680818,2.392,43.7583,24.11428571428572,4.4,0.0,54.0,4800321703.2,970,29.322933135349604,88.68,1380329.09872,3.588,165,1380329.09872,15.0,4.4124,2200,24.11428571428572,34.5,54.0,0.68,-0.0016868070680818,3.25,41.8,500.0,4.0,49.0,0.0,74
1985,59060622.0,14.0,3.0,2.03,1.213,18.9115,20.63,22.01,88.68,0.9598,45.0,53.0,2.0,0.0,0.535,0.0,0.0,0.0,0.0,4.2059,67.1916,32.195,7.577,59.5,10.5,30.0,91.0,2.0,44632955.76857143,14427666.231428573,543.0,0.26,38.0,46.6,0.5730533333333331,1.0,2.25,-124.91,188.4458,95.9803,63.1452,71.2881,42.8064,61.977,447.505,253.234,194.271,1901.443,,,,,331212,96.0,14.7651555,-0.0021149455554328,2.25,42.8064,24.42857142857143,4.5,0.0,52.0,4888139929.5,1000,31.15182971353414,88.68,1328863.995,3.375,170,1328863.995,15.0,4.2059,2250,24.42857142857143,35.0,55.0,0.7,-0.0021149455554328,3.3,42.0,600.0,4.0,50.0,0.0,76
1986,60347048.0,14.0,3.0,2.03,1.2171,18.9951,20.89,22.19,88.68,0.9592,45.0,53.0,2.0,0.0,0.541,0.0,0.0,0.0,0.0,3.9551,67.5502,30.717,7.386,59.15,10.75,30.1,89.0,2.04,45415464.12342857,14931583.876571428,559.0,0.27,38.0,46.42,0.5850066666666668,1.0,2.061,-164.183,192.5505,95.9201,63.45,71.6975,41.7064,60.1503,445.704,252.806,192.899,1853.705,,,,,331212,96.0,15.086762,-0.0027206467497797,2.061,41.7064,24.74285714285714,4.6,0.0,51.0,4975958155.8,1030,33.97699058930812,88.68,1243752.65928,3.0915,175,1243752.65928,15.0,3.9551,2300,24.74285714285714,35.5,56.0,0.72,-0.0027206467497797,3.35,42.2,700.0,4.0,51.0,0.0,78
1987,61584651.0,14.0,3.0,2.03,1.2196,19.0847,21.11,22.39,88.68,0.9585,45.0,53.0,2.0,0.0,0.548,0.0,0.0,0.0,0.0,3.7171,68.005,29.23,7.155,58.8,11.0,30.200000000000003,87.0,2.08,46153297.02085714,15431353.979142856,576.0,0.28,38.0,46.24,0.6001666666666665,1.0,2.0,-128.095,196.4993,95.8514,63.9101,72.1307,40.4683,58.1376,440.646,249.723,190.923,1800.131,,,,,331212,96.0,15.39616275,-0.0020799825592906,2.0,40.4683,25.057142857142857,4.7,0.0,50.0,5063776382.1,1060,35.0027887811465,88.68,1231693.02,3.0,180,1231693.02,15.0,3.7171,2350,25.057142857142857,36.0,57.0,0.74,-0.0020799825592906,3.4,42.4,500.0,4.0,52.0,0.0,80
1988,62843228.0,14.0,3.0,2.04,1.2222,19.2072,21.33,22.58,88.68,0.9583,45.0,53.0,2.0,0.0,0.554,0.0,0.0,0.0,0.0,3.6227,68.5848,28.713,6.911,58.45,11.25,30.3,85.0,2.12,46899003.296,15944224.704,592.0,0.29,38.0,46.06,0.6194933333333333,1.0,2.046,-84.361,200.5151,95.8289,64.634,72.5297,39.156,56.0074,434.31,244.26,190.05,1804.44,,,,,331212,96.0,15.710807,-0.0013424039898141,2.046,39.156,25.371428571428574,4.8,0.0,49.0,5151594608.4,1090,34.223565027585366,88.68,1285772.4448799998,3.069,185,1285772.4448799998,15.0,3.6227,2400,25.371428571428574,36.5,58.0,0.76,-0.0013424039898141,3.45,42.6,300.0,4.0,53.0,0.0,82
1989,64147348.0,13.0,3.0,2.04,1.2255,19.3411,21.54,22.75,88.68,0.9583,45.0,53.0,2.0,0.0,0.56,0.0,0.0,0.0,0.0,3.6414,68.8051,29.041,6.848,58.1,11.5,30.4,83.0,2.16,47670643.47085714,16476704.529142857,609.0,0.29,38.0,45.88,0.6268366666666665,1.0,2.062,-101.113,204.6762,95.8315,64.861,72.7363,37.778,53.8872,439.292,246.731,192.561,1862.88,,,,,331212,96.0,16.036837,-0.001576261578265,2.062,37.778,25.685714285714283,4.9,0.0,48.0,5239412834.7,1120,33.960679841322985,88.68,1322718.31576,3.093,190,1322718.31576,15.0,3.6414,2450,25.685714285714283,37.0,59.0,0.78,-0.001576261578265,3.5,42.8,200.0,4.0,54.0,0.0,84
1990,65504552.0,13.0,3.0,2.04,1.2295,19.4769,21.76,22.92,88.68,0.9585,45.0,53.0,2.0,34.30658965217391,0.499,12.327,0.0,180.0,2263.62019,3.6019,69.0268,28.896,6.773,57.75,11.75,30.5,81.0,2.2,48473368.48,17031183.52,625.0,0.318304712,38.0,45.7,0.6342266666666665,1.0,2.125,-57.221,209.0066,95.8503,64.9907,73.0559,36.2334,51.383,443.695,250.141,193.554,1892.842,0.499,69.027,7.688290119,2263.62019,331212,96.0,16.376138,-0.0008735423455762,2.125,36.2334,26.0,18.0,33.62045785913043,47.0,5327231061.0,1100,32.96404986075319,88.68,1391971.73,3.1875,195,1391971.73,15.0,3.6019,2500,26.0,25.0,50.0,7.688290119,-0.0008735423455762,3.55,43.0,36.0,4.0,43.0,2.247237785813488,85
1991,66891774.99999999,13.0,3.0,2.05,1.2345,19.6253,22.01,23.1,88.68,0.9588,45.0,53.0,2.0,61.57996334782608,0.509,10.393,4.914002512055691,375.19028,2374.854543,3.5235,69.3035,28.489,6.673,57.4,12.0,30.6,79.0,2.24,49289682.20714285,17602092.79285714,641.0,0.312695567,38.0,45.52,0.64345,1.0,2.067,-76.829,213.4328,95.8802,65.282,73.3091,34.6862,48.9917,446.345,251.127,195.218,1905.689,0.509,69.303,8.000851333,2374.854543,331212,96.0,16.72294375,-0.0011485567545486,2.067,34.6862,26.314285714285717,18.0,60.34836408086956,46.0,5408857337.2,1130,33.87936282400736,88.68,1382652.98925,3.1005000000000003,200,1382652.98925,15.0,3.5235,2550,26.314285714285717,26.0,52.0,8.000851333,-0.0011485567545486,3.6,43.4,40.0,4.0,44.0,4.1191930527710285,87
1992,68260337.0,13.0,3.0,2.05,1.2397,19.8018,22.29,23.3,88.68,0.9591,45.0,53.0,2.0,87.16890195652175,0.521,11.0,8.618869589437427,473.94586,2579.540159,3.3529,69.6197,27.342,6.54,57.05,12.25,30.700000000000003,77.0,2.28,50083584.40457143,18176752.59542857,658.0,0.307592569,38.0,45.34,0.6539899999999998,1.0,1.985,-65.285,217.7995,95.9096,65.6988,73.5036,33.0495,46.4504,446.435,249.368,197.067,1866.343,0.521,69.62,8.313412547,2579.540159,331212,96.0,17.06508425,-0.0009564119204392,1.985,33.0495,26.62857142857143,18.0,85.42552391739132,45.0,5490483613.4,1160,35.264691676772074,88.68,1354967.68945,2.9775,205,1354967.68945,15.0,3.3529,2600,26.62857142857143,27.0,55.0,8.313412547,-0.0009564119204392,3.65,43.8,45.0,4.0,45.0,5.950178623472134,89
1993,69586384.0,13.0,3.0,2.06,1.2445,20.0215,22.59,23.52,88.56,0.9594,44.96775,53.03225,2.0,108.71474486956522,0.531,10.6,5.579131826960639,926.30371,2723.456105,3.1722,69.9569,26.094,6.401,56.7,12.5,30.8,75.0,2.3200000000000003,50837823.968,18748560.032,674.0,0.321075502,38.0,45.16,0.6652300000000001,1.0,1.865,-72.931,222.0306,95.9432,66.1307,73.727,31.4307,43.9803,445.388,247.125,198.263,1815.791,0.531,69.957,8.625973761,2723.456105,331212,96.0,17.396596,-0.0010480642304965,1.865,31.4307,26.942857142857147,18.0,106.54044997217392,44.0,5572109889.6,1190,37.51157491517226,88.56,1297786.0616,2.7975,210,1297786.0616,15.0,3.1722,2650,26.942857142857147,28.0,58.0,8.625973761,-0.0010480642304965,3.7,44.2,50.0,4.0,46.0,7.565065982955596,91
1994,70854391.0,13.0,3.0,2.06,1.2484,20.2924,22.89,23.75,87.13,0.9598,44.5614,53.4386,2.0,136.07710213043478,0.543,10.3,8.314488843211953,1944.51594,2949.897559,2.9409,70.3789,24.452,6.224,56.35,12.75,30.9,73.5,2.3600000000000003,51541508.42457143,19312882.57542857,691.0,0.377403997,38.0,44.98,0.6792966666666668,1.0,1.748,-53.012,226.0764,95.9841,66.7136,73.9611,29.8742,41.6172,440.998,242.141,198.857,1732.551,0.543,70.379,8.938534975,2949.897559,331212,96.0,17.71359775,-0.0007481822827324,1.748,29.8742,27.257142857142856,18.0,133.3555600878261,43.0,5653736165.8,1220,39.9993014990169,87.13,1238534.75468,2.622,215,1238534.75468,15.0,2.9409,2700,27.257142857142856,29.0,60.0,8.938534975,-0.0007481822827324,3.75,44.6,55.0,4.0,47.0,9.64166020049676,93
1995,72049940.0,13.0,3.0,2.07,1.2511,20.6063,23.2,23.98,85.5,0.9603,44.09055,53.90945,2.0,171.62197508695652,0.556,5.82,10.415213032148555,1780.4,3257.135674,2.7001,70.8714,22.727,6.021,56.0,13.0,31.0,72.0,2.4000000000000004,52184742.25714286,19865197.74285714,707.0,0.407933339,38.0,44.8,0.6957133333333332,1.0,1.6,-51.147,229.8911,96.0264,67.1163,74.5431,28.3385,39.2947,433.805,239.597,194.209,1637.513,0.556,70.871,9.251096189,3257.135674,331212,96.0,18.012485,-0.0007098826175288,1.6,28.3385,27.57142857142857,18.0,168.1895355852174,42.0,5735362442.0,1250,43.66735549852569,85.5,1152799.04,2.4000000000000004,220,1152799.04,15.0,2.7001,2750,27.57142857142857,30.0,62.0,9.251096189,-0.0007098826175288,3.8,45.0,60.0,4.0,48.0,12.365353007696712,95
1996,73156447.0,13.0,3.0,2.07,1.2522,20.9588,23.51,24.21,83.69,0.9605,43.5618,54.4382,2.0,200.7335233478261,0.567,5.88,6.888854823920974,2395.0,3481.515022,2.4683,71.2961,21.012,5.857,55.65,13.25,31.1,70.5,2.4400000000000004,52756249.208,20400197.792,724.0,0.473424705,38.0,44.62,0.7,1.0,1.45,-48.235,233.4217,96.0531,67.4853,75.0192,26.9278,37.2913,428.5,237.44,191.06,1537.178,0.567,71.296,9.563657403,3481.515022,331212,96.0,18.28911175,-0.0006593403859539,1.45,26.9278,27.88571428571429,18.0,196.7188528808696,41.0,5816988718.2,1280,48.148995886220085,83.69,1060768.4815,2.175,225,1060768.4815,15.0,2.4683,2800,27.88571428571429,31.0,64.0,9.563657403,-0.0006593403859539,3.85,45.4,65.0,4.0,49.0,14.684951361918502,97
1997,74226888.0,13.0,3.0,2.07,1.2528,21.3502,23.82,24.44,81.73,0.9611,42.9747,55.0253,2.0,227.8381236521739,0.578,6.01,5.889110852729219,2220.0,3686.545301,2.2736,71.67,19.573,5.722,55.3,13.5,31.200000000000003,69.0,2.48,53294905.584,20931982.416,740.0,0.598250536,38.0,44.44,0.7,1.0,1.456,52.382,236.8371,96.1058,67.7267,75.5315,25.6974,35.6856,424.745,237.403,187.343,1452.809,0.578,71.67,9.876218617,3686.545301,331212,96.0,18.556722,0.0007057011470021,1.456,25.6974,28.200000000000003,18.0,223.2813611791304,40.0,5898614994.4,1310,47.9520010395306,81.73,1080743.48928,2.184,230,1080743.48928,15.0,2.2736,2850,28.200000000000003,32.0,65.0,9.876218617,0.0007057011470021,3.9,45.8,70.0,4.0,50.0,16.91171488646006,99
1998,75299660.0,14.0,3.0,2.07,1.2535,21.7857,24.13,24.67,79.6,0.962,42.32145,55.67855,2.0,258.2727449130435,0.588,6.85,3.666925372199564,1671.0,3821.728166,2.098,72.2829,18.254,5.518,54.95,13.75,31.3,67.5,2.52,53828499.80571429,21471160.19428572,756.0,0.620606484,38.0,44.26,0.7,1.0,1.415,106.091,240.26,96.2012,68.1297,76.3705,24.2888,33.3472,415.481,235.469,180.012,1374.488,0.588,72.283,10.18877983,3821.728166,331212,96.0,18.824915,0.0014089173842219,1.415,24.2888,28.514285714285727,18.0,253.10729001478265,39.0,5980241270.6,1340,49.33142845624253,79.6,1065490.189,2.1225,235,1065490.189,15.0,2.098,2900,28.514285714285727,33.0,66.0,10.18877983,0.0014089173842219,3.95,46.2,75.0,4.0,51.0,19.447849879218904,101
1999,76287452.0,14.0,3.0,2.06,1.2529,22.2418,24.44,24.91,77.42,0.9624,41.6373,56.3627,2.0,281.8607405652174,0.596,6.74,3.834401365950009,1412.0,3968.268563,1.9988,72.5754,17.591,5.459,54.6,14.0,31.4,66.0,2.56,54294869.40914286,21992582.59085714,773.0,0.621428477,38.0,44.08,0.7,1.0,1.193,-15.01,243.4118,96.244,68.1383,76.9907,23.2524,31.8606,416.456,240.325,176.132,1341.952,0.596,72.575,10.37370014,3968.268563,331212,96.0,19.071863,-0.0001967558177195,1.193,23.2524,28.828571428571426,18.0,276.223525753913,38.0,6061867546.8,1370,58.44707721326912,77.42,910109.30236,1.7895,240,910109.30236,15.0,1.9988,2950,28.828571428571426,34.0,67.0,10.37370014,-0.0001967558177195,4.0,46.6,80.0,4.0,52.0,21.502437716553477,103
2000,77154011.0,14.0,3.0,2.06,1.2501,22.686,24.73,25.13,75.81,0.9618,40.971,56.8802,2.1488,307.08750108695654,0.604,6.42,5.978171543426345,2176.358223,4205.498465,2.0277,72.7455,18.018,5.486,54.25,14.25,31.5,64.5,2.6,54669127.79428572,22484883.205714285,789.0,0.682717979,38.0,43.9,0.7,1.0,1.066,-144.298,246.1768,96.1761,68.2003,77.2785,22.2321,30.3927,423.243,245.188,178.055,1390.17,0.604,72.746,10.55862045,4205.498465,331212,96.0,19.28850275,-0.0018702592143913,1.066,22.2321,29.142857142857142,18.0,300.9457510652174,37.0,6143493823.0,1400,65.36914877425765,75.81,822461.7572600001,1.5990000000000002,245,822461.7572600001,15.0,2.0277,3000,29.142857142857142,28.5,60.0,10.55862045,-0.0018702592143913,4.05,47.0,-1.8,4.0,40.0,23.69303243682556,105
2001,77969361.0,14.0,3.0,2.05,1.2465,23.1147,25.0,25.34,74.89,0.9606,40.32795,57.18029,2.49176,330.18901395652176,0.612,6.28,5.192241890403364,2269.914547,4423.858118,2.0233,72.9842,18.123,5.482,53.900000000000006,14.5,31.599999999999994,63.0,2.64,55001814.94542857,22967546.05457143,806.0,0.764037816,38.0,43.72,0.7,1.5,1.036,-177.586,248.7783,96.0583,68.2971,77.6731,21.3588,29.1064,427.393,249.155,178.238,1413.038,0.612,72.984,10.70526981,4423.858118,331212,96.0,19.49234025,-0.0022776382635738,1.036,21.3588,29.45714285714286,18.0,323.58523367739133,36.0,6224826801.0,1430,67.25207676247192,74.89,807762.5799600001,1.554,250,807762.5799600001,15.0,2.0233,3050,29.45714285714286,29.0,62.0,10.70526981,-0.0022776382635738,4.1,47.5,0.5,4.0,42.0,25.744626427410083,107
2002,78772224.0,14.0,3.0,2.05,1.2429,23.5389,25.26,25.54,73.98,0.9591,39.69165,57.477230000000006,2.8311200000000016,362.753774173913,0.621,6.01,4.961639074881376,2791.258781,4643.353991,2.006,73.1384,18.095,5.509,53.55,14.75,31.700000000000003,61.5,2.68,55320607.59771428,23451616.40228572,822.0,0.862175224,38.0,43.54,0.7,2.0,1.013,-193.766,251.34,95.9132,68.2775,78.014,20.5254,27.9077,433.99,254.603,179.388,1425.422,0.621,73.138,10.93157673,4643.353991,331212,96.0,19.693056,-0.0024598264484699,1.013,20.5254,29.771428571428583,18.0,355.4986986904347,35.0,6306159779.0,1460,68.77118198182363,73.98,797962.6291199998,1.5195,255,797962.6291199998,15.0,2.006,3100,29.771428571428583,29.5,64.0,10.93157673,-0.0024598264484699,4.15,48.0,1.2,4.0,44.0,28.574921556072887,109
2003,79563777.0,15.0,3.0,2.04,1.2392,23.9595,25.52,25.74,73.1,0.9571,39.06075,57.77165,3.167599999999999,411.4779493478261,0.63,5.78,5.857187919059083,1450.0,4915.32396,1.9993,73.2356,18.151,5.564,53.2,15.0,31.8,60.0,2.72,55626446.37685715,23937330.623142853,839.0,0.948276375,38.0,43.36,0.7,2.5,0.987,-216.062,253.8656,95.7107,68.2894,78.1862,19.7959,26.8807,442.654,259.456,183.199,1444.171,0.63,73.236,11.15788364,4915.32396,331212,96.0,19.89094425,-0.00271558249428,0.987,19.7959,30.08571428571428,18.0,403.2483903608696,34.0,6387492757.0,1490,70.5736841410514,73.1,785294.4789900001,1.4805,260,785294.4789900001,15.0,1.9993,3150,30.08571428571428,30.0,66.0,11.15788364,-0.00271558249428,4.2,48.5,2.0,4.0,46.0,32.738739802327736,111
2004,80338972.0,15.0,3.0,2.04,1.2353,24.3773,25.77,25.93,72.22,0.9552,38.43405,58.06411,3.5018400000000014,517.9644423043478,0.638,5.6,6.151889610140781,1610.0,5217.709264,1.9679,73.0623,17.996,5.73,52.85,15.25,31.9,58.5,2.76,55915924.512,24423047.488,855.0,1.080523317,38.0,43.18,0.7,3.0,0.952,-220.458,256.3391,95.5175,68.2816,77.8069,19.2668,26.1306,460.367,264.919,195.448,1445.763,0.638,73.062,11.38419056,5217.709264,331212,96.0,20.084743,-0.0027440978458126,0.952,19.2668,30.40000000000001,18.0,507.6051534582609,33.0,6468825735.0,1520,73.1556040852599,72.22,764827.01344,1.428,265,764827.01344,15.0,1.9679,3200,30.40000000000001,30.5,68.0,11.38419056,-0.0027440978458126,4.25,49.0,2.8,4.0,48.0,41.612730827284615,113
2005,81088313.0,15.0,3.0,2.03,1.231,24.8012,26.02,26.12,71.35,0.9535,37.7982,58.36084,3.840960000000001,601.8860550869566,0.647,5.31,6.455939972051309,1954.0,5554.561442,1.8871,73.1983,17.369,5.751,52.5,15.5,32.0,57.0,2.8,56182616.86428572,24905696.13571429,871.0,1.152793901,38.0,43.0,0.7,3.5,0.905,-208.337,258.73,95.3536,68.393,77.9505,18.7582,25.4246,466.343,267.561,198.782,1408.413,0.647,73.198,11.61049747,5554.561442,331212,96.0,20.27207825,-0.0025692605049016,0.905,18.7582,30.714285714285715,18.0,589.8483339852174,32.0,6550158713.0,1550,76.93690187440386,71.35,733849.23265,1.3575,270,733849.23265,15.0,1.8871,3250,30.714285714285715,31.0,70.0,11.61049747,-0.0025692605049016,4.3,49.5,3.5,4.0,50.0,48.80592482522638,115
2006,82167897.0,15.0,3.0,2.03,1.2316,25.2986,26.29,26.32,70.33,0.9514,37.0521,58.70902,4.238880000000001,692.5751703478261,0.656,4.82,5.612187897371721,2400.0,5866.293867,1.8729,73.2925,17.249,5.772,52.150000000000006,15.75,32.099999999999994,55.5,2.84,56672372.388,25495524.612,888.0,1.187018027,38.0,42.82,0.7,4.0,1.735,482.399,262.1747,95.1402,68.4768,78.0493,18.3969,24.9086,474.297,271.492,202.805,1417.335,0.656,73.293,11.83680439,5866.293867,331212,96.0,20.54197425,0.0058708938358249,1.735,18.3969,31.02857142857143,18.0,678.7236669408695,31.0,6631491691.0,1580,40.29642615626695,70.33,1425613.01295,2.6025,275,1425613.01295,15.0,1.8729,3300,31.02857142857143,31.5,72.0,11.83680439,0.0058708938358249,4.35,50.0,4.2,4.0,52.0,56.90744526189763,117
2007,83633375.0,15.0,3.0,2.04,1.2377,25.8423,26.57,26.53,69.23,0.9491,36.23655,59.08961000000001,4.673840000000001,805.7671683043478,0.664,4.64,5.4589749893277775,6981.0,6186.533382,1.9107,73.385,17.537,5.799,51.8,16.0,32.2,54.0,2.88,57420285.75,26213089.25,904.0,1.196635026,38.0,42.64,0.7,4.5,1.8,523.784,266.8506,94.9085,68.5588,78.1516,18.0603,24.3994,484.952,277.315,207.636,1466.698,0.664,73.385,12.06311131,6186.533382,331212,96.0,20.90834375,0.006262858577691,1.8,18.0603,31.342857142857145,18.0,789.6518249382608,30.0,6712824669.0,1610,38.85371981944133,69.23,1505400.75,2.7,280,1505400.75,15.0,1.9107,3350,31.342857142857145,32.0,74.0,12.06311131,0.006262858577691,4.4,50.5,5.0,4.0,54.0,67.38902774948563,119
2008,85175788.0,15.0,3.0,2.06,1.2444,26.3403,26.84,26.74,68.24,0.9469,35.48955,59.43820999999999,5.07224,1034.448741826087,0.672,2.38,4.414096783095645,9578.99749,6459.612953,1.9332,73.455,17.664,5.828,51.45,16.25,32.3,52.5,2.92,58211567.11314286,26964220.88685714,921.0,1.335354956,38.0,42.46,0.7,5.0,1.854,571.113,271.772,94.6946,68.6324,78.2129,17.7618,23.983,496.395,283.264,213.132,1504.57,0.672,73.455,12.28941822,6459.612953,331212,96.0,21.293947,0.0067051096727159,1.854,17.7618,31.65714285714285,18.0,1013.7597669895652,29.0,6794157647.0,1640,37.73209180841897,68.24,1579159.1095200002,2.781,285,1579159.1095200002,15.0,1.9332,3400,31.65714285714285,32.5,76.0,12.28941822,0.0067051096727159,4.45,51.0,6.0,4.0,56.0,88.1099867306455,121
2009,86460018.0,15.0,3.0,2.06,1.2471,26.7845,27.12,26.95,67.37,0.9463,34.82325,59.74915,5.427600000000002,1146.768507826087,0.679,2.9,3.014748970517767,7600.0,6654.354068,1.9205,73.5253,17.528,5.872,51.1,16.5,32.4,51.0,2.96,58817515.10228571,27642502.897714287,937.0,1.43951425,38.0,42.28,0.7,5.5,1.144,-18.56,275.8696,94.6344,68.7061,78.2719,17.4688,23.5822,507.732,289.069,218.663,1515.454,0.679,73.525,12.51572514,6654.354068,331212,96.0,21.6150045,-0.0002146656966923,1.144,17.4688,31.97142857142857,18.0,1123.8331376695653,28.0,6875490625.0,1670,60.935705053065846,67.37,989102.60592,1.7159999999999995,290,989102.60592,15.0,1.9205,3450,31.97142857142857,33.0,78.0,12.51572514,-0.0002146656966923,4.5,51.5,7.0,4.0,58.0,99.14962582847664,123
2010,87455152.0,15.0,3.0,2.06,1.2455,27.1907,27.41,27.17,66.57,0.9472,34.21395,60.03349,5.75256,1354.1751918695652,0.686,2.88,6.26790938290662,8000.0,7071.442951,1.9056,73.6107,17.409,5.911,50.75,16.75,32.5,49.5,3.0,59219631.49714286,28235520.50285714,954.0,1.596638648,38.0,42.1,0.7,6.0,1.145,-4.443,279.0448,94.7237,68.7749,78.3767,17.2596,23.2717,516.931,294.209,222.722,1522.48,0.686,73.611,12.74203205,7071.442951,331212,96.0,21.863788,-5.080318195547816e-05,1.145,17.2596,32.285714285714285,18.0,1327.0916880321738,27.0,6956823603.0,1700,60.88278763612195,66.57,1001361.4904,1.7175,295,1001361.4904,15.0,1.9056,3500,32.285714285714285,33.5,85.0,12.74203205,-5.080318195547816e-05,4.55,52.0,9.2,4.0,80.0,118.42959723958198,125
2011,88468314.0,15.0,3.0,2.06,1.2441,27.6035,27.71,27.39,65.78,0.9482,33.59475,60.32245,6.082800000000001,1751.732100521739,0.693,2.22,5.53339909140702,7519.002,7462.734111,1.9268,73.7126,17.588,5.947,50.400000000000006,17.0,32.599999999999994,48.0,3.04,59627643.63599999,28840670.364,970.0,1.726789188,38.0,41.92,0.7,6.5,1.159,-4.602,282.2775,94.8194,68.9081,78.4385,17.0639,22.9783,526.146,298.38,227.766,1555.971,0.693,73.713,12.96833897,7462.734111,331212,96.0,22.1170785,-5.201862443088946e-05,1.159,17.0639,32.6,18.0,1716.6974585113044,26.0,7040621116.6,1730,60.15153183887632,65.78,1025347.75926,1.7385000000000002,300,1025347.75926,15.0,1.9268,3550,32.6,34.0,86.0,12.96833897,-5.201862443088946e-05,4.6,52.4,8.5,4.0,81.0,154.9727855128368,127
2012,89510356.0,15.0,3.0,2.06,1.243,28.0177,28.0,27.61,64.98,0.9493,32.97345,60.61239,6.414160000000002,1994.386844217392,0.698,1.96,3.9128393783933415,8368.0,7754.73891,1.9668,73.7619,17.892,6.008,50.05,17.25,32.7,46.5,3.08,60048661.68228571,29461694.317714285,986.0,1.615655741,38.0,41.74,0.7,7.0,1.183,-4.851,285.6024,94.9287,68.9789,78.4648,16.8801,22.7227,537.795,304.157,233.638,1601.508,0.698,73.762,13.19464588,7754.73891,331212,96.0,22.377589,-5.4194846460000674e-05,1.183,16.8801,32.91428571428571,18.0,1954.499107333044,25.0,7124418630.2,1760,58.93821722973033,64.98,1058907.51148,1.7745000000000002,305,1058907.51148,15.0,1.9668,3600,32.91428571428571,34.5,87.0,13.19464588,-5.4194846460000674e-05,4.65,52.8,7.8,4.0,82.0,178.5182764276153,129
2013,90573104.0,15.0,3.0,2.06,1.2421,28.4264,28.28,27.83,64.21,0.9505,32.3604,60.89848,6.741120000000001,2166.9769240869564,0.704,2.18,4.192691653109439,8900.0,8079.871201,1.9805,73.8207,17.888,6.057,49.7,17.5,32.8,45.0,3.12,60476955.44228572,30096148.557714287,1003.0,1.67765363,38.0,41.56,0.7,7.5,1.178,-4.979,288.9933,95.0543,69.042,78.5243,16.7473,22.5407,548.595,310.031,238.564,1620.204,0.704,73.821,13.4209528,8079.871201,331212,96.0,22.643276,-5.4972169221450114e-05,1.178,16.7473,33.22857142857143,18.0,2123.6373856052173,24.0,7208216143.8,1790,59.18691415439629,64.21,1066951.16512,1.767,310,1066951.16512,15.0,1.9805,3650,33.22857142857143,35.0,88.0,13.4209528,-5.4972169221450114e-05,4.7,53.2,7.0,4.0,83.0,196.269826310928,131
2014,91679578.0,15.0,3.0,2.07,1.242,28.8185,28.58,28.06,63.47,0.9518,31.77225,61.17295,7.0548,2365.8784720869567,0.711,2.1,4.864657965727881,9200.0,8472.929299,2.09,73.8859,18.671,6.114,49.35,17.75,32.9,43.5,3.16,60927628.12228572,30751949.877714284,1019.0,1.972593915,38.0,41.38,0.7,8.0,1.25,-4.894,292.5238,95.1829,69.1005,78.5983,16.5529,22.2675,560.517,316.683,243.834,1711.735,0.711,73.886,13.64725971,8472.929299,331212,96.0,22.9198945,-5.338157206613669e-05,1.25,16.5529,33.542857142857144,18.0,2318.560902645217,23.0,7292013657.4,1820,55.79763048402861,63.47,1145994.725,1.875,315,1145994.725,15.0,2.09,3700,33.542857142857144,35.5,89.0,13.64725971,-5.338157206613669e-05,4.75,53.6,6.5,4.0,84.0,216.902739920217,133
2015,92823254.0,15.0,3.0,2.07,1.2425,29.1926,28.9,28.3,62.77,0.9531,31.2111,61.43482,7.35408,2461.0359390869567,0.717,2.33,4.565558171784306,11800.0,8859.765815,2.1,73.9554,18.498,6.153,49.0,18.0,33.0,42.0,3.2,61395952.28857143,31427301.711428568,1036.0,2.313780945,38.0,41.2,0.7,8.5,1.229,-4.888,296.1729,95.3051,69.1474,78.6999,16.4075,22.0584,571.142,323.167,247.976,1717.064,0.717,73.955,13.87356663,8859.765815,331212,96.0,23.2058135,-5.26592183462993e-05,1.229,16.4075,33.857142857142854,18.0,2411.8152203052173,22.0,7375811171.0,1850,56.74515040963615,62.77,1140797.79166,1.8435,320,1140797.79166,15.0,2.1,3750,33.857142857142854,36.0,90.0,13.87356663,-5.26592183462993e-05,4.8,54.0,6.0,4.0,85.0,228.4413640769971,135
2016,94000117.0,15.0,3.0,2.08,1.2436,29.5174,29.22,28.54,62.17,0.9549,30.7239,61.66218,7.613919999999999,2645.138176956522,0.723,2.3,5.028840031478858,12600.0,9305.309265,2.0,73.9837,17.313,6.195,48.650000000000006,18.25,33.099999999999994,40.5,3.24,61878934.16228571,32121182.83771429,1052.0,2.372899563,38.0,41.02,0.7,9.0,1.29,167.652,299.9279,95.4881,69.1527,78.7624,16.2581,21.8746,582.358,329.858,252.5,1627.396,0.723,73.984,14.09987354,9305.309265,331212,96.0,23.50002925,0.0017835296949683,1.29,16.2581,34.17142857142858,18.0,2592.235413417392,21.0,7459608684.6,1880,54.07817280255133,62.17,1212601.5093,1.935,325,1212601.5093,15.0,2.0,3800,34.17142857142858,36.5,91.0,14.09987354,0.0017835296949683,4.85,54.4,5.5,4.0,86.0,248.64329811507977,137
2017,95176977.0,15.0,3.0,2.08,1.2449,29.819,29.55,28.79,61.62,0.9569,30.271500000000003,61.8733,7.8552,2921.355287130435,0.729,2.24,5.18446566644016,14100.0,9787.739829,1.985,74.0265,16.764,6.238,48.3,18.5,33.2,39.0,3.28,62354516.646,32822460.354,1069.0,2.420566012,38.0,40.84,0.7,9.5,1.199,139.245,303.683,95.6909,69.2171,78.7898,16.1073,21.6722,593.746,335.781,257.965,1595.53,0.729,74.026,14.32618046,9787.739829,331212,96.0,23.79424425,0.0014630113751143,1.199,16.1073,34.48571428571429,18.0,2862.9281813878265,20.0,7543406198.2,1910,58.15632555508794,61.62,1141171.95423,1.7985000000000002,330,1141171.95423,15.0,1.985,3850,34.48571428571429,37.0,92.0,14.32618046,0.0014630113751143,4.9,54.8,5.0,4.0,87.0,278.0457649720418,139
2018,96237319.0,15.0,3.0,2.09,1.245,30.1749,29.89,29.04,60.97,0.9581,29.73765,62.12243,8.139920000000002,3219.117340695652,0.737,2.19,7.50169787742527,15500.0,10521.9865,1.88,74.1004,15.438,6.263,47.95,18.75,33.3,37.5,3.3200000000000003,62746731.988000005,33490587.012,1085.0,2.689991069,38.0,40.66,0.7,10.0,1.018,96.65,307.0662,95.8128,69.3028,78.8633,15.9677,21.4503,602.701,340.867,261.834,1485.701,0.737,74.1,14.55248737,10521.9865,331212,96.0,24.05932975,0.001004288159773,1.018,15.9677,34.8,18.0,3154.734993881739,19.0,7627203711.8,1940,68.43510254820775,60.97,979695.90742,1.527,335,979695.90742,15.0,1.88,3900,34.8,37.5,93.0,14.55248737,0.001004288159773,4.95,55.2,4.5,4.0,88.0,309.7992224149591,141
2019,97173776.0,15.0,3.0,2.09,1.244,30.5859,30.24,29.31,60.23,0.9587,29.12115,62.41013,8.46872,3473.069781347826,0.744,2.17,6.475096693956021,16120.0,11203.2953,1.9428,74.2113,15.513,6.3,47.6,19.0,33.4,36.0,3.3600000000000003,63051898.656,34121877.344,1101.0,3.541017213,38.0,40.48,0.7,10.5,0.919,-2.051,310.0542,95.8744,69.4142,78.9723,15.7614,21.1621,612.164,346.335,265.829,1507.477,0.744,74.211,14.77879429,11203.2953,331212,96.0,24.293444,-2.1106517462077423e-05,0.919,15.7614,35.11428571428571,18.0,3403.608385720869,18.0,7711001225.4,1970,75.77011270571224,60.23,893027.0014400001,1.3785,340,893027.0014400001,15.0,1.9428,3950,35.11428571428571,38.0,94.0,14.77879429,-2.1106517462077423e-05,5.0,55.6,4.0,4.0,89.0,337.4913049650626,143
2020,98079191.0,15.0,3.0,2.09,1.2436,31.0268,30.6,29.58,59.44,0.9592,28.4598,62.71876,8.82144,3584.199876652174,0.755,2.48,2.7881027111728445,15800.0,11515.65468,1.9572,75.3832,15.234,5.813,47.25,19.25,33.5,34.5,3.4000000000000004,63331134.76,34748056.24,1118.0,3.750279686,38.0,40.3,0.7,11.0,0.936,-6.457,312.9431,95.917,70.3658,80.3144,15.6129,20.9751,570.112,329.603,240.508,1494.146,0.755,75.383,15.0051012,11515.65468,331212,96.0,24.51979775,-6.583455607826129e-05,0.936,15.6129,35.42857142857143,18.0,3512.5158791191307,17.0,7794798739.0,2000,74.40022140810208,59.44,918021.22776,1.404,345,918021.22776,15.0,1.9572,4000,35.42857142857143,24.5,95.0,15.0051012,-6.583455607826129e-05,5.05,56.0,3.2,4.0,90.0,351.535424284345,145
2021,98935098.0,16.0,3.0,2.1,1.2438,31.4759,30.96,29.83,58.65,0.9596,27.78615,63.03313000000001,9.18072,3746.1670256521743,0.754,3.2,0.7719398720281891,15660.0,11604.54861,1.9423,74.1448,14.735,6.653,46.900000000000006,19.5,33.599999999999994,33.0,3.4400000000000004,63572867.25771429,35362230.74228571,1134.0,3.221287054,38.0,40.120000000000005,0.7,11.5,0.803,-5.418,315.6741,95.9631,69.4924,78.7707,15.4301,20.7056,658.187,365.498,292.69,1457.843,0.754,74.145,15.23140812,11604.54861,331212,96.0,24.7337745,-5.4763174136644615e-05,0.803,15.4301,35.74285714285714,18.0,3671.243685139131,16.0,7878302975.0,2030,86.66581031202467,58.65,794448.8369400001,1.2045,350,794448.8369400001,15.0,1.9423,4050,35.74285714285714,25.0,96.0,15.23140812,-5.4763174136644615e-05,5.1,56.4,1.8,4.0,91.0,370.6274018072664,147
2022,99680655.0,16.0,3.0,2.1,1.2427,31.9384,31.34,30.09,57.84,0.9599,27.0924,63.35688,9.550720000000002,4205.845203869565,0.764,2.32,7.631321128999947,17900.0,12490.12898,1.9273,74.5025,14.272,6.488,46.55,19.75,33.7,31.5,3.4800000000000004,63738658.82571429,35941996.17428571,1151.0,3.031299831,38.0,39.94,0.7,12.0,0.699,-78.977,318.0529,95.9924,69.7606,79.2112,15.2459,20.4546,646.765,366.007,280.757,1422.615,0.764,74.502,15.45771503,12490.12898,331212,96.0,24.92016375,-0.000792300170981,0.699,15.2459,36.05714285714286,18.0,4121.728299792174,15.0,7961807211.0,2060,99.50885801235094,57.84,696767.77845,1.0485,355,696767.77845,15.0,1.9273,4100,36.05714285714286,25.5,97.0,15.45771503,-0.000792300170981,5.15,56.8,3.16,4.0,92.0,419.2414047503268,149
2023,100352192.0,16.0,3.0,2.1,1.2402,32.4294,31.74,30.36,56.98,0.96,26.3559,63.70058000000001,9.94352,4473.269397565217,0.766,2.3,4.343480766841526,18500.0,13032.63533,1.9125,74.5883,13.831,6.577,46.2,20.0,33.8,30.0,3.5200000000000005,63852666.166857146,36499525.83314285,1167.0,3.385895764,38.0,39.76,0.7,12.5,0.644,-81.789,320.1956,95.9957,69.8771,79.2643,15.0668,20.2189,659.98,372.923,287.057,1387.961,0.766,74.588,15.45771503,13032.63533,331212,96.0,25.088048,-0.000815019566289,0.644,15.0668,36.37142857142856,18.0,4383.804009613913,14.0,8045311447.0,2090,107.9777525706234,56.98,646268.11648,0.966,360,646268.11648,15.0,1.9125,4150,36.37142857142856,26.0,98.0,15.45771503,-0.000815019566289,5.2,57.2,3.25,4.0,93.0,448.902389452189,151
2024,100987686.0,16.0,3.0,2.1,1.2373,32.9257,32.12,30.62,56.13,0.9599,25.61145,64.04799,10.34056,4018.0,0.776,1.43,7.1,18500.0,16386.0,1.895,74.7364,13.423,6.646,45.85,20.25,33.9,28.5,3.5600000000000005,63939632.05028571,37048053.94971429,1184.0,1.89,38.0,39.58,0.7,13.0,0.619,-59.645,322.2233,95.9926,70.0511,79.3818,14.6743,19.7221,671.121,378.878,292.243,1355.563,,,4.098730664,1.0,331212,96.0,25.2469215,-0.0005906165628946,0.619,14.6743,36.68571428571429,18.0,3937.64,13.0,8115630000.0,2120,112.324760045599,56.13,625113.77634,0.9285,365,625113.77634,15.0,1.895,4200,36.68571428571429,26.5,99.0,4.098730664,-0.0005906165628946,5.25,57.6,3.5,4.0,94.0,405.768522348,153
2025,101598527.0,16.0,3.0,2.1,1.2342,33.4196,32.49,30.86,55.29,0.9598,24.8706,64.39372,10.735680000000002,4740.0,0.782,2.3,6.5,19000.0,17690.0,1.8783,74.8813,13.075,6.726,45.5,20.5,34.0,27.0,3.6000000000000005,64007072.01,37591454.99,1200.0,1.9,38.0,39.4,0.7,13.5,0.588,-48.171,324.1723,95.9841,70.2282,79.4902,14.3347,19.2808,683.371,385.175,298.195,1328.422,,,4.236048544,,331212,96.0,25.39963175,-0.0004741308897126,0.588,14.3347,37.0,18.0,4645.2,12.0,8180000000.0,2150,118.2284085076206,55.29,597399.33876,0.8819999999999999,370,597399.33876,15.0,1.8783,4250,37.0,27.0,100.0,4.236048544,-0.0004741308897126,5.3,58.0,3.0,4.0,95.0,481.57701798,155
